46113,ゆめデリカ　深川工場
46113,中工場
46113,戸山カンツリークラブ
46113,ダイユウ技研　上下黒島　検体受取
46113,マイクロン　雨水
46113,中工場_焼却灰＆飛灰
46114,西部興産
46114,CEC　来島ダム　モニタリング
46114,植種
46114,アクティオ
46115,廿日市衛生センター
46115,マイクロン　モニタリング
46115,植種
46115,カルビー　せとうち広島
46116,山崎製パン
46116,地家室　濁度監視
46119,坂町　河川
46119,熊野町　河川
46119,海田町　河川
46119,ダイオキシン容器等受取
46119,マイクロン　モニタリング
46120,ダイユウ技研　大向4工区
46120,ダイユウ技研　王ノ田等　検体受取
46120,植種
46120,ダイユウ技研　清水谷　検体受取
46120,広島海上保安部
46121,公共用水域（小瀬川水系）
46121,公共用水域（奥谷尻）
46121,公共用水域（太田川水系）
46121,公共用水域（江の川水系）
46121,アクティオ
46122,マイクロン　定期
46122,ジャパンケミカルリサーチ
46122,豊国工業
46122,マイクロン　排水処理施設
46122,マイクロン　モニタリング
46122,マイクロン　TMAH検体受取
46122,植種
46122,廿日市衛生センター
46122,呉市役所　打合せ
46122,岩国市　河川容器搬入
46123,新大野処分場
46123,宮島最終処分場
46123,佐伯最終処分場
46123,廿日市市最終処分場
46123,みつぎ産業
46126,マイクロン　モニタリング
46126,公共用水域（湾西部）
46127,倉橋環境サービス
46127,フルサワ　地下水
46127,中国労災病院
46127,にしき堂　海田工場
46127,環保協自主検査
46127,広島ゴルフクラブ
46128,植種
46128,コーヨー
46128,ゆめデリカ　深川工場
46128,岩国市　河川検体受取
46128,CEC　来島ダム　定期
46128,パスコ　吉野川
46128,アクティオ
46129,植種
46129,マイクロンモニタリング
46129,カルビー　せとうち広島
46129,廿日市衛生センター
46129,ゆめデリカ 商工センター
46129,地家室　濁度監視
46129,貸出
46130,山崎製パン
46130,市衛研　容器受取
46130,千田下水他容器返却
46130,神石高原(ﾂﾈｲｼGE)
46133,広島市　海域
46133,マイクロン　モニタリング
46133,庄原カントリークラブ
46133,比治山大学
46133,県立広島大学
46133,県立広島病院
46133,中工場_焼却灰
46134,広島市給食センター
46134,大竹市給食センター
46134,緑清苑
46134,三次畜産
46134,三次畜産　飲料水
46134,庄原自動車・住化アグロ
46134,BC　全体会議
46134,日殖建設
46134,植種
46135,カルビー　広島はつかいち
46135,呉市　打ち合わせ
46135,アクティオ
46136,植種
46136,トリオーブロイラー
46136,広島市　水内川
46136,笹利川
46136,マイクロン　モニタリング
46136,貸出
46137,環保協自主検査
46137,竹原市　ダイオキシン
46139,岩国藻場
46140,容器準備
46142,地家室　濁度監視
46142,江田島環境センター
46142,江田島リレーセンター
46142,江田島前処理センター
46142,江田島市役所
46142,呉市海上保安部
46142,呉市役所
46142,植種
46142,アクティオ
